City_ID,City,Country,Lat,Lng,Max Temp,Humidity,Cloudiness,Wind Speed,Current Description
0,Hobart,AU,-42.8794,147.3294,53.26,77,51,0.0,broken clouds
1,Port Alfred,ZA,-33.5906,26.891,79.41,73,0,31.81,clear sky
2,Cape Town,ZA,-33.9258,18.4232,87.12,50,0,21.85,clear sky
3,Ambilobe,MG,-13.2,49.05,80.78,82,15,8.75,light rain
4,Busselton,AU,-33.65,115.3333,56.08,77,65,15.21,broken clouds
5,Labuan,MY,5.2767,115.2417,80.96,83,20,2.3,few clouds
6,Clyde River,CA,70.4692,-68.5914,-36.17,67,0,4.61,clear sky
7,Upernavik,GL,72.7868,-56.1549,-5.89,94,100,4.25,overcast clouds
8,Lujan,AR,-34.5703,-59.105,65.95,55,2,8.01,clear sky
9,Lompoc,US,34.6391,-120.4579,54.12,75,0,5.75,clear sky
10,Mataura,NZ,-46.1927,168.8643,42.48,98,0,1.92,clear sky
11,Broome,US,42.2506,-75.833,14.16,77,0,1.99,clear sky
12,Kahului,US,20.8947,-156.47,73.85,80,20,10.36,few clouds
13,Atuona,PF,-9.8,-139.0333,78.31,75,15,20.51,few clouds
14,Alice Springs,AU,-23.7,133.8833,65.75,77,0,1.14,clear sky
15,Albany,US,42.6001,-73.9662,13.8,67,18,1.01,few clouds
16,Liverpool,GB,53.4106,-2.9779,48.15,80,75,11.01,broken clouds
17,Hithadhoo,MV,-0.6,73.0833,82.89,70,31,10.92,scattered clouds
18,Sala,MA,34.0389,-6.8166,68.63,63,4,9.22,clear sky
19,Tasiilaq,GL,65.6145,-37.6368,21.36,61,100,16.02,overcast clouds
20,Nelson Bay,AU,-32.7167,152.15,71.01,73,93,4.0,light rain
21,Hella,NO,67.2,14.4333,32.14,64,75,18.41,broken clouds
22,Srednekolymsk,RU,67.45,153.6833,-36.67,100,50,0.98,scattered clouds
23,Alyangula,AU,-13.8483,136.4192,80.91,74,100,10.42,overcast clouds
24,San Juan,AR,-31.5375,-68.5364,69.85,44,0,6.71,clear sky
25,Ushuaia,AR,-54.8,-68.3,53.26,58,0,3.44,clear sky
26,Kavaratti,IN,10.5669,72.642,78.69,66,57,8.5,broken clouds
27,Pevek,RU,69.7008,170.3133,-24.86,100,30,1.95,scattered clouds
28,Bengkulu,ID,-3.8004,102.2655,78.21,81,99,8.03,overcast clouds
29,Tuatapere,NZ,-46.1333,167.6833,42.82,91,1,3.53,clear sky
30,Manzhouli,CN,49.6,117.4333,-4.0,99,25,6.17,scattered clouds
31,Palizada,MX,18.25,-92.0833,64.38,99,100,3.87,overcast clouds
32,Avarua,CK,-21.2078,-159.775,71.65,100,99,4.61,light rain
33,Jamestown,US,42.097,-79.2353,20.52,62,0,4.0,clear sky
34,Bambous Virieux,MU,-20.3428,57.7575,82.65,78,75,11.5,light rain
35,Bluff,NZ,-46.6,168.3333,42.8,75,0,7.18,clear sky
36,Cabedelo,BR,-6.9811,-34.8339,88.47,56,83,8.23,broken clouds
37,Cabo San Lucas,MX,22.8909,-109.9124,59.31,82,75,9.22,broken clouds
38,Puerto Madero,MX,14.7208,-92.4215,75.4,69,0,0.0,clear sky
39,Bredasdorp,ZA,-34.5322,20.0403,81.72,47,52,9.22,broken clouds
40,Saint Anthony,US,45.0205,-93.218,22.6,89,100,0.0,mist
41,Khatanga,RU,71.9667,102.5,-22.56,98,91,7.74,overcast clouds
42,Iqaluit,CA,63.7506,-68.5145,-36.31,65,20,4.0,few clouds
43,Shingu,JP,33.7333,135.9833,39.9,62,4,7.61,clear sky
44,Alofi,NU,-19.0595,-169.9187,73.29,94,100,3.44,overcast clouds
45,Barrow,US,71.2906,-156.7887,-20.18,76,75,4.61,broken clouds
46,Bitung,ID,1.4451,125.1824,77.85,86,100,11.52,overcast clouds
47,Belmonte,BR,-15.8631,-38.8828,86.0,62,42,8.79,scattered clouds
48,Castro,BR,-24.7911,-50.0119,74.12,75,82,7.47,broken clouds
49,Mahebourg,MU,-20.4081,57.7,82.69,78,75,11.5,broken clouds
50,Kapaa,US,22.0752,-159.319,71.92,85,75,10.36,broken clouds
51,Kieta,PG,-6.2167,155.6333,81.05,82,100,8.08,overcast clouds
52,Mount Gambier,AU,-37.8333,140.7667,68.25,50,3,7.81,clear sky
53,Kalemie,CD,-5.9475,29.1947,78.22,72,65,1.21,light rain
54,Hermanus,ZA,-34.4187,19.2345,86.9,60,14,11.12,few clouds
55,Punta Arenas,CL,-53.15,-70.9167,57.31,77,75,6.91,light rain
56,Tiznit,MA,29.5833,-9.5,75.79,13,7,1.39,clear sky
57,Lebu,CL,-37.6167,-73.65,65.5,60,0,13.47,clear sky
58,Moerai,PF,-22.4333,-151.3333,79.32,76,30,14.9,light rain
59,Geraldton,AU,-28.7667,114.6,70.21,52,55,17.27,broken clouds
60,Chokurdakh,RU,70.6333,147.9167,-38.47,100,97,1.79,overcast clouds
61,Taoudenni,ML,22.6783,-3.9836,81.57,7,100,8.84,overcast clouds
62,Yatou,CN,37.15,122.3833,28.17,59,8,3.44,clear sky
63,Sarahan,IN,31.5167,77.8,38.16,78,62,4.52,broken clouds
64,Bazarnyy Syzgan,RU,53.7512,46.7535,12.85,97,100,4.18,overcast clouds
65,Rikitea,PF,-23.1203,-134.9692,78.66,73,100,17.18,overcast clouds
66,Portobelo,PA,9.55,-79.65,85.06,74,20,10.36,few clouds
67,Collie,AU,-33.3667,116.15,53.98,85,40,9.01,scattered clouds
68,Tiarei,PF,-17.5333,-149.3333,78.82,76,26,23.51,light rain
69,Tagab,AF,34.855,69.6492,41.43,66,96,2.89,overcast clouds
70,Batemans Bay,AU,-35.7167,150.1833,65.1,87,97,7.52,overcast clouds
71,New Norfolk,AU,-42.7826,147.0587,53.91,64,70,0.67,broken clouds
72,Hilo,US,19.7297,-155.09,69.8,93,100,6.91,moderate rain
73,Kloulklubed,PW,7.0419,134.2556,79.3,79,100,21.56,overcast clouds
74,Puerto Ayora,EC,-0.7393,-90.3518,78.76,90,86,5.01,overcast clouds
75,Arraial Do Cabo,BR,-22.9661,-42.0278,89.46,55,0,18.41,clear sky
76,Acapulco,MX,16.8634,-99.8901,73.22,73,40,6.91,scattered clouds
77,Kavieng,PG,-2.5744,150.7967,81.99,78,100,4.79,overcast clouds
78,Tukrah,LY,32.5341,20.5791,64.6,50,18,12.33,few clouds
79,Aklavik,CA,68.2191,-135.0107,-15.77,94,100,15.26,overcast clouds
80,Sokolo,ML,14.7328,-6.1219,88.32,6,0,8.39,clear sky
81,Banda Aceh,ID,5.5577,95.3222,79.5,82,100,5.61,moderate rain
82,Victoria,HK,22.2855,114.1577,62.65,84,100,1.01,overcast clouds
83,Vaini,TO,-21.2,-175.2,73.56,94,100,20.71,moderate rain
84,Roebourne,AU,-20.7833,117.1333,84.63,79,6,14.38,clear sky
85,East London,ZA,-33.0153,27.9116,77.94,78,20,20.71,few clouds
86,Inirida,CO,3.8653,-67.9239,80.26,74,96,2.93,overcast clouds
87,Port Lincoln,AU,-34.7333,135.8667,71.08,64,0,15.52,clear sky
88,Roald,NO,62.5833,6.1333,38.16,93,75,10.36,broken clouds
89,Mandalgovi,MN,45.7625,106.2708,5.76,71,0,5.59,clear sky
90,Zhigansk,RU,66.7697,123.3711,-29.99,100,99,6.26,overcast clouds
91,Chumikan,RU,54.7183,135.315,-5.84,86,97,8.63,overcast clouds
92,Odweyne,SO,9.4092,45.064,80.35,34,84,15.12,broken clouds
93,High Level,CA,58.5169,-117.136,-2.09,84,100,4.61,snow
94,Sao Filipe,CV,14.8961,-24.4956,74.57,68,0,7.45,clear sky
95,Valentin Gomez Farias,MX,28.2167,-106.5833,36.01,56,0,4.79,clear sky
96,Thompson,CA,55.7435,-97.8558,-36.24,67,20,0.0,few clouds
97,Jinchang,CN,38.4953,102.1739,15.33,94,100,3.74,light snow
98,Ponta Do Sol,PT,32.6667,-17.1,68.13,53,10,11.77,clear sky
99,Cooma,AU,-36.2333,149.1333,47.43,96,16,3.0,few clouds
100,Beringovskiy,RU,63.05,179.3167,-15.7,97,17,10.07,few clouds
101,Bethel,US,41.3712,-73.414,21.81,63,0,5.75,clear sky
102,Saskylakh,RU,71.9167,114.0833,-26.25,100,98,1.57,overcast clouds
103,Kaitangata,NZ,-46.2817,169.8464,47.93,75,0,1.28,clear sky
104,Yellowknife,CA,62.456,-114.3525,-12.59,83,40,13.8,scattered clouds
105,Butaritari,KI,3.0707,172.7902,81.03,78,67,14.97,light rain
106,Nikolskoye,RU,59.7035,30.7861,33.71,88,100,11.14,overcast clouds
107,Panaba,MX,21.2833,-88.2667,71.78,81,5,8.93,clear sky
108,Cockburn Town,TC,21.4612,-71.1419,78.76,47,40,12.66,scattered clouds
109,Poum,NC,-20.2333,164.0167,79.07,84,100,6.22,moderate rain
110,Vila Do Maio,CV,15.1333,-23.2167,81.39,78,0,13.62,clear sky
111,Makakilo City,US,21.3469,-158.0858,71.92,75,0,5.75,clear sky
112,Vilyuysk,RU,63.7553,121.6247,-18.9,99,82,5.53,broken clouds
113,Clinton,US,42.587,-82.9199,20.41,82,10,1.99,clear sky
114,Linxia,CN,35.6003,103.2064,7.81,89,59,3.83,broken clouds
115,Kodiak,US,57.79,-152.4072,38.71,70,0,10.36,clear sky
116,Anadyr,RU,64.75,177.4833,-16.1,76,0,8.95,clear sky
117,Port Elizabeth,ZA,-33.918,25.5701,91.09,73,0,24.16,clear sky
118,Pitimbu,BR,-7.4706,-34.8086,88.39,53,64,8.61,broken clouds
119,Port Hedland,AU,-20.3167,118.5667,86.05,79,75,13.8,broken clouds
120,Dikson,RU,73.5069,80.5464,-23.71,100,78,6.8,broken clouds
121,Luderitz,NA,-26.6481,15.1594,72.95,71,19,13.31,few clouds
122,Pisco,PE,-13.7,-76.2167,70.02,83,100,4.61,mist
123,Galegos,PT,41.5627,-8.572,61.41,42,59,2.26,broken clouds
124,Sao Joao Da Barra,BR,-21.6403,-41.0511,87.89,76,1,13.42,clear sky
125,Washington,US,47.5001,-120.5015,38.93,90,100,2.19,overcast clouds
126,Faanui,PF,-16.4833,-151.75,80.96,74,90,20.49,light rain
127,Kalmunai,LK,7.4167,81.8167,77.14,74,98,10.22,overcast clouds
128,Andenes,NO,69.3143,16.1194,30.18,69,0,11.5,clear sky
129,Biankouma,CI,7.7391,-7.6138,95.2,10,4,5.75,clear sky
130,Tevaitoa,PF,-16.7833,-151.5,81.3,74,99,21.25,light rain
131,Constitucion,CL,-35.3333,-72.4167,72.36,48,0,3.56,clear sky
132,Bullhead City,US,35.1478,-114.5683,59.27,17,0,26.46,clear sky
133,Codrington,AU,-38.2667,141.9667,63.57,63,0,12.86,clear sky
134,Agua Dulce,MX,18.1333,-94.1333,55.18,91,100,9.08,overcast clouds
135,Kruisfontein,ZA,-34.0033,24.7314,88.88,43,98,20.04,overcast clouds
136,Rio Gallegos,AR,-51.6226,-69.2181,68.05,45,0,23.02,clear sky
137,Qaqortoq,GL,60.7167,-46.0333,5.5,57,100,5.66,overcast clouds
138,Qaanaaq,GL,77.484,-69.3632,-11.97,67,93,8.66,overcast clouds
139,Carnarvon,AU,-24.8667,113.6333,76.06,70,1,22.62,clear sky
140,Aquidauana,BR,-20.4711,-55.7872,84.83,66,89,5.41,overcast clouds
141,Turukhansk,RU,65.8167,87.9833,-9.0,100,95,2.89,overcast clouds
142,Mucurapo,TT,10.6667,-61.5333,86.05,70,29,7.96,scattered clouds
143,Mwene-Ditu,CD,-7.0,23.45,72.86,90,100,4.72,moderate rain
144,Narsaq,GL,60.9167,-46.05,5.22,57,100,3.42,overcast clouds
145,Kamaishi,JP,39.2667,141.8833,27.09,66,39,5.1,scattered clouds
146,Graaff-Reinet,ZA,-32.2522,24.5308,91.26,22,99,7.9,overcast clouds
147,Sidney,AU,-33.8679,151.2073,66.11,88,75,1.01,light intensity shower rain
148,San Cristobal,VE,7.7669,-72.225,66.38,76,91,2.21,overcast clouds
149,La Macarena,CO,2.1837,-73.7849,81.7,62,91,3.02,overcast clouds
150,Avera,US,33.194,-82.5271,38.71,48,11,12.59,few clouds
151,Dunedin,NZ,-45.8742,170.5036,48.79,77,43,2.39,scattered clouds
152,Satun,TH,6.8333,100.0,83.91,77,58,6.17,broken clouds
153,Ribeira Grande,PT,38.5167,-28.7,64.8,68,20,14.97,few clouds
154,Mar Del Plata,AR,-38.0023,-57.5575,66.22,85,75,15.99,broken clouds
155,Torbay,CA,47.6666,-52.7314,18.88,87,100,19.57,light snow
156,Nome,US,64.5011,-165.4064,1.47,51,0,23.02,clear sky
157,Rawson,AR,-43.3002,-65.1023,70.25,42,0,13.47,clear sky
158,Port Hardy,CA,50.6996,-127.4199,46.76,81,100,9.22,overcast clouds
159,Ostrovnoy,RU,68.0531,39.5131,14.76,83,100,21.99,overcast clouds
160,Caravelas,BR,-17.7125,-39.2481,86.5,56,0,9.24,clear sky
161,Kamenka,RU,51.3223,42.7678,19.74,96,100,7.34,light snow
162,Tucuman,AR,-26.8241,-65.2226,66.2,82,100,3.44,overcast clouds
163,Petropavlovsk-Kamchatskiy,RU,53.0452,158.6483,28.99,59,75,17.9,light snow
164,Tiksi,RU,71.6872,128.8694,-17.23,97,100,3.31,overcast clouds
165,Anqing,CN,30.5092,117.0506,35.8,86,100,9.75,overcast clouds
166,Udachnyy,RU,66.4167,112.4,-13.83,100,99,3.22,overcast clouds
167,Azare,NG,11.6765,10.1948,87.28,12,0,11.45,clear sky
168,Jashpurnagar,IN,22.9,84.15,57.79,26,3,4.81,clear sky
169,Laguna,US,38.421,-121.4238,50.5,92,0,0.0,clear sky
170,Nanortalik,GL,60.1432,-45.2371,13.59,54,100,14.83,overcast clouds
171,Boa Vista,BR,2.8197,-60.6733,80.58,65,75,12.66,moderate rain
172,Emba,KZ,48.8264,58.1442,20.66,95,100,13.78,light snow
173,Salalah,OM,17.0151,54.0924,78.89,73,20,5.75,few clouds
174,Pundaguitan,PH,6.3711,126.1689,81.0,78,17,22.17,few clouds
175,Tuktoyaktuk,CA,69.4541,-133.0374,-18.4,69,40,13.8,scattered clouds
176,Presidente Dutra,BR,-5.29,-44.49,83.37,74,87,3.76,overcast clouds
177,Ilulissat,GL,69.2167,-51.1,-0.38,50,100,0.0,overcast clouds
178,Talaya,RU,61.3833,152.75,-35.05,89,9,2.55,clear sky
179,Hasaki,JP,35.7333,140.8333,23.4,38,0,18.84,clear sky
180,Port Blair,IN,11.6667,92.75,80.64,78,40,4.61,mist
181,Inhambane,MZ,-23.865,35.3833,82.38,78,75,11.5,broken clouds
182,Saldanha,ZA,-33.0117,17.9442,84.25,72,28,11.36,scattered clouds
183,Ahuimanu,US,21.4447,-157.8378,73.11,81,20,1.01,few clouds
184,De-Kastri,RU,51.4667,140.7833,5.13,93,100,9.53,overcast clouds
185,Ancud,CL,-41.8697,-73.8203,69.22,69,9,4.0,clear sky
186,Xushan,CN,30.1764,121.2457,45.97,79,100,6.04,overcast clouds
187,Puerto Montt,CL,-41.4698,-72.9447,61.63,77,20,9.22,few clouds
188,Goderich,CA,43.7501,-81.7165,22.91,79,100,20.71,overcast clouds
189,Rundu,NA,-17.9333,19.7667,77.9,63,86,6.51,light rain
190,Sioux Lookout,CA,50.1001,-91.917,-0.02,84,100,4.61,overcast clouds
191,Karatau,KZ,43.1667,70.4667,37.58,86,100,37.27,overcast clouds
192,Georgetown,MY,5.4112,100.3354,83.95,94,40,1.01,thunderstorm with heavy rain
193,Bandarbeyla,SO,9.4942,50.8122,77.18,64,55,12.55,broken clouds
194,Talnakh,RU,69.4865,88.3972,-25.87,99,52,1.45,broken clouds
195,Villamontes,BO,-21.25,-63.5,72.19,91,100,5.73,overcast clouds
196,Vung Tau,VN,10.346,107.0843,79.34,77,100,20.2,overcast clouds
197,Tigil,RU,57.8,158.6667,3.7,88,96,5.06,overcast clouds
198,Quatre Cocos,MU,-20.2078,57.7625,82.51,80,74,12.44,light rain
199,Baldone,LV,56.7428,24.3944,35.35,97,100,12.28,snow
200,Sa Kaeo,TH,13.75,102.3333,82.67,48,13,3.96,few clouds
201,Asino,RU,56.9979,86.1452,13.71,89,100,6.15,overcast clouds
202,Cherskiy,RU,68.75,161.3,-30.01,100,46,0.4,scattered clouds
203,Beitbridge,ZW,-22.2167,30.0,87.28,35,25,26.06,scattered clouds
204,Muros,ES,42.7762,-9.0603,60.1,56,57,7.47,broken clouds
205,Airai,TL,-8.9266,125.4092,62.62,94,79,1.3,broken clouds
206,Axim,GH,4.8699,-2.2405,82.85,67,100,11.5,light rain
207,Inta,RU,66.0317,60.1659,-1.48,88,83,5.86,broken clouds
208,Guerrero Negro,MX,27.9769,-114.0611,54.7,50,0,3.09,clear sky
209,Mehamn,NO,71.0357,27.8492,24.75,86,20,27.63,few clouds
210,Umm Lajj,SA,25.0213,37.2685,74.68,34,0,21.5,clear sky
211,Loreto,MX,22.2667,-101.9667,49.57,55,7,5.26,clear sky
212,Neuquen,AR,-38.9516,-68.0591,73.29,40,0,5.75,clear sky
213,Ahipara,NZ,-35.1667,173.1667,72.18,98,100,7.83,overcast clouds
214,Salinopolis,BR,-0.6136,-47.3561,80.19,85,100,10.13,overcast clouds
215,Leningradskiy,RU,69.3833,178.4167,-22.81,97,26,5.48,scattered clouds
216,Abu Samrah,SY,35.3029,37.1841,53.17,65,93,14.85,overcast clouds
217,Wanning,CN,18.8003,110.3967,69.4,89,98,9.73,overcast clouds
218,Abhar,IR,36.1468,49.218,31.98,75,28,9.89,scattered clouds
219,Kungurtug,RU,50.5994,97.5228,-7.76,98,37,1.7,scattered clouds
220,Kampong Thum,KH,12.7111,104.8887,82.89,51,93,6.98,overcast clouds
221,Tanout,NE,14.9709,8.8879,80.44,7,0,16.93,clear sky
222,Harrisburg,US,40.2737,-76.8844,24.17,69,0,4.0,clear sky
223,Sicuani,PE,-14.2694,-71.2261,40.91,99,100,2.21,moderate rain
224,Sterling,US,39.0062,-77.4286,28.94,70,0,3.0,clear sky
225,New Ulm,US,44.3125,-94.4605,23.5,80,100,16.11,overcast clouds
226,Kerman,IR,30.2832,57.0788,51.66,16,0,4.61,clear sky
227,Pucallpa,PE,-8.3791,-74.5539,80.64,78,75,6.91,broken clouds
228,Orodara,BF,10.9492,-4.9342,89.98,7,4,4.65,clear sky
229,Norman Wells,CA,65.282,-126.8329,-16.56,69,100,4.61,overcast clouds
230,Adamovka,RU,51.5223,59.9396,17.15,92,100,5.88,overcast clouds
231,Esperance,AU,-33.8667,121.9,73.24,60,11,16.98,few clouds
232,Chuy,UY,-33.6971,-53.4616,60.26,92,100,9.66,overcast clouds
233,Nola,IT,40.922,14.5329,62.65,54,83,5.01,broken clouds
234,Zacualpan,MX,21.25,-105.1667,66.7,75,35,5.21,scattered clouds
235,Zafra,ES,38.4167,-6.4167,61.88,44,0,7.56,clear sky
236,Crossfield,CA,51.4334,-114.0353,35.56,71,99,11.21,overcast clouds
237,Ukiah,US,39.1502,-123.2078,51.37,73,0,0.0,clear sky
238,Merauke,ID,-8.4667,140.3333,81.93,80,100,7.99,moderate rain
239,Plettenberg Bay,ZA,-34.0527,23.3716,80.19,60,54,4.94,broken clouds
240,Tefe,BR,-3.3542,-64.7114,82.51,78,40,8.05,scattered clouds
241,Kudahuvadhoo,MV,2.6708,72.8944,82.02,66,42,9.73,scattered clouds
242,Souillac,MU,-20.5167,57.5167,82.78,78,75,11.5,broken clouds
243,Kristiinankaupunki,FI,62.2743,21.376,31.64,90,100,12.19,overcast clouds
244,Alihe,CN,50.5667,123.7167,-2.67,96,96,2.89,overcast clouds
245,Kindersley,CA,51.4668,-109.1682,22.78,79,20,6.91,few clouds
246,Bahia Blanca,AR,-38.7196,-62.2724,64.83,51,0,10.58,clear sky
247,Zhenlai,CN,45.8495,123.2973,-3.51,88,29,2.3,scattered clouds
248,Longyearbyen,SJ,78.2186,15.6401,19.24,68,75,17.27,light snow
249,Yeppoon,AU,-23.1333,150.7333,71.38,71,8,19.66,clear sky
250,Presidencia Roque Saenz Pena,AR,-26.7852,-60.4388,78.08,38,10,11.97,clear sky
251,Angangueo,MX,19.6194,-100.2853,45.19,67,0,2.98,clear sky
252,Dhidhdhoo,MV,6.8833,73.1,81.03,66,100,10.38,overcast clouds
253,Havre-Saint-Pierre,CA,50.2334,-63.5986,1.99,54,0,13.8,clear sky
254,Vostok,RU,46.4856,135.8833,-11.13,99,93,3.94,overcast clouds
255,Saint-Philippe,RE,-21.3585,55.7679,81.99,77,100,17.31,overcast clouds
256,Saint-Pierre,RE,-21.3393,55.4781,82.08,74,0,6.91,clear sky
257,Ossipee,US,43.6854,-71.1167,12.76,73,8,2.1,clear sky
258,Klaksvik,FO,62.2266,-6.589,36.52,63,82,33.98,broken clouds
259,Matara,LK,5.9485,80.5353,77.7,79,70,1.9,broken clouds
260,Dingle,PH,10.9995,122.6711,76.1,85,37,10.8,scattered clouds
261,Frekhaug,NO,60.5139,5.2435,37.06,87,100,1.99,overcast clouds
262,Uzhur,RU,55.3036,89.8339,2.57,94,100,4.68,overcast clouds
263,Mount Isa,AU,-20.7333,139.5,80.37,54,75,6.91,light rain
264,Cidreira,BR,-30.1811,-50.2056,77.49,63,19,14.41,few clouds
265,Pandan,PH,14.0453,124.1694,77.45,85,46,17.98,scattered clouds
266,Petrivka,UA,46.9695,30.9591,45.05,52,95,10.36,overcast clouds
267,Atikokan,CA,48.7555,-91.6216,4.55,97,100,4.23,overcast clouds
268,Yaan,NG,7.3833,8.5667,97.5,9,46,5.17,scattered clouds
269,Fukue,JP,32.6881,128.8419,45.21,56,97,17.6,overcast clouds
270,Labuhan,ID,-6.8844,112.2051,79.14,89,100,12.17,overcast clouds
271,Vestmannaeyjar,IS,63.4427,-20.2734,31.19,69,0,14.97,clear sky
272,Coquimbo,CL,-29.9533,-71.3436,64.13,82,75,5.75,broken clouds
273,Sayyan,YE,15.1718,44.3244,65.05,40,17,5.06,few clouds
274,Trairi,BR,-3.2778,-39.2689,86.07,60,73,10.85,broken clouds
275,Comodoro Rivadavia,AR,-45.8667,-67.5,75.06,33,0,9.22,clear sky
276,Nhulunbuy,AU,-12.2333,136.7667,75.81,94,100,4.61,heavy intensity rain
277,Kulhudhuffushi,MV,6.6221,73.07,81.14,65,94,10.4,overcast clouds
278,Baiquan,CN,47.5833,126.0833,-10.05,100,89,3.96,overcast clouds
279,Kiruna,SE,67.8557,20.2251,20.32,93,100,3.44,overcast clouds
280,Bilma,NE,18.6853,12.9164,77.99,9,0,11.5,clear sky
281,Sept-Iles,CA,50.2001,-66.3821,-5.28,45,20,2.3,few clouds
282,Olafsvik,IS,64.8945,-23.7142,29.03,68,63,14.65,broken clouds
283,Natal,BR,-5.795,-35.2094,88.45,58,40,11.5,scattered clouds
284,San Juan Ixcoy,GT,15.5997,-91.4453,52.65,89,92,4.21,overcast clouds
285,Aquiraz,BR,-3.9014,-38.3911,86.09,64,74,9.48,broken clouds
286,Manicore,BR,-5.8092,-61.3003,85.78,62,74,2.57,broken clouds
287,Portland,US,45.5234,-122.6762,42.24,93,100,1.99,fog
288,Katobu,ID,-4.9408,122.5276,76.87,92,42,3.47,scattered clouds
289,Coihaique,CL,-45.5752,-72.0662,63.21,63,0,5.75,clear sky
290,Walvis Bay,NA,-22.9575,14.5053,74.08,69,18,11.01,few clouds
291,Biltine,TD,14.5333,20.9167,84.54,7,100,13.27,overcast clouds
292,Murud,IN,18.3258,72.965,72.66,66,71,6.87,broken clouds
293,Provideniya,RU,64.3833,-173.3,-2.94,75,0,10.27,clear sky
294,Lagos,NG,6.5833,3.75,95.32,42,0,10.38,clear sky
295,Nenjiang,CN,49.1833,125.2167,-8.32,98,100,3.44,overcast clouds
296,Pokhara,NP,28.2333,83.9833,49.96,86,51,1.41,broken clouds
297,Talcahuano,CL,-36.7167,-73.1167,71.28,56,0,9.22,clear sky
298,Zhangye,CN,38.9342,100.4517,16.43,89,94,2.64,overcast clouds
299,Sitka,US,57.0531,-135.33,44.49,76,100,24.16,moderate rain
300,Paka,MY,4.6374,103.4368,78.73,89,100,4.61,overcast clouds
301,Parsabad,IR,39.6482,47.9174,50.32,34,0,6.91,clear sky
302,Opuwo,NA,-18.0607,13.84,85.48,22,99,3.87,overcast clouds
303,Prabumulih,ID,-3.45,104.25,74.88,93,100,4.92,overcast clouds
304,Saint George,US,37.1041,-113.5841,41.34,41,0,3.44,clear sky
305,Jacareacanga,BR,-6.2222,-57.7528,86.04,65,86,1.57,overcast clouds
306,Mikun,RU,62.3547,50.0771,16.61,93,100,8.34,overcast clouds
307,Kambarka,RU,56.2694,54.2062,18.91,98,100,2.42,overcast clouds
308,Adrar,MR,20.5022,-10.0711,83.39,6,0,10.2,clear sky
309,Krasnoselkup,RU,65.7,82.4667,-18.54,100,57,6.82,broken clouds
310,Biaora,IN,23.8667,76.9167,68.4,24,0,2.13,clear sky
311,Hovd,MN,48.0056,91.6419,-12.55,84,9,3.49,clear sky
312,Les Cayes,HT,18.2,-73.75,78.55,57,0,2.13,clear sky
313,Fortuna,US,40.5982,-124.1573,40.12,93,0,6.91,clear sky
314,Ponsacco,IT,43.6238,10.6291,60.55,73,7,5.99,clear sky
315,Xunchang,CN,28.4543,104.715,41.29,95,100,0.98,moderate rain
316,Bogorodskoye,RU,56.55,37.8833,19.09,96,99,4.97,overcast clouds
317,Ziarat,PK,30.3823,67.7282,38.73,60,35,7.61,scattered clouds
318,Ngunguru,NZ,-35.6167,174.5,74.16,100,100,8.77,overcast clouds
319,Puerto Escondido,MX,15.85,-97.0667,70.63,100,0,9.22,clear sky
320,Tabou,CI,4.423,-7.3528,83.73,67,74,7.58,light rain
321,Limenaria,GR,40.6261,24.5786,57.06,62,0,0.85,clear sky
322,Hobyo,SO,5.3505,48.5268,79.2,61,1,15.55,clear sky
323,Teya,RU,60.3778,92.6267,8.13,98,100,1.74,overcast clouds
324,Riyadh,SA,24.6877,46.7219,66.34,26,0,12.33,clear sky
325,Dukat,RU,62.55,155.55,-14.98,61,0,1.66,clear sky
326,Zeljezno Polje,BA,44.4083,17.9319,55.62,80,23,4.65,few clouds
327,Kozhva,RU,65.1073,57.0459,4.12,92,45,5.64,scattered clouds
328,Oksfjord,NO,70.2396,22.3479,32.18,83,5,13.67,clear sky
329,Asfi,MA,32.2994,-9.2372,67.14,58,17,17.0,few clouds
330,Kisangani,CD,0.5167,25.2,97.23,23,75,3.83,broken clouds
331,Alta Floresta,BR,-9.8756,-56.0861,82.22,83,40,3.44,scattered clouds
332,Vanimo,PG,-2.6741,141.3028,79.02,85,74,5.79,broken clouds
333,Bayburt,TR,40.2589,40.2278,18.77,95,100,1.12,overcast clouds
334,Sjenica,RS,43.2731,19.9994,33.62,100,99,5.35,overcast clouds
335,Sao Jose Da Coroa Grande,BR,-8.8978,-35.1478,85.46,58,94,10.87,overcast clouds
336,Miles City,US,46.4083,-105.8406,31.17,80,100,11.5,overcast clouds
337,Aasiaat,GL,68.7098,-52.8699,-6.77,99,100,3.06,overcast clouds
338,Richards Bay,ZA,-28.783,32.0377,77.22,80,28,10.94,light rain
339,Totma,RU,59.9747,42.7642,6.35,99,94,3.06,overcast clouds
340,Myitkyina,MM,25.3833,97.4,55.71,82,1,3.04,clear sky
341,Solnechnyy,RU,50.7214,136.6319,-1.89,98,99,2.06,overcast clouds
342,Ambon,ID,-3.6954,128.1814,77.14,94,40,4.61,light rain
343,Dudinka,RU,69.4058,86.1778,-32.26,100,17,3.69,few clouds
344,Viedma,AR,-40.8135,-62.9967,65.98,41,36,7.4,scattered clouds
345,Hofn,IS,64.2539,-15.2082,32.02,51,20,20.71,few clouds
346,Vestmanna,FO,62.1564,-7.1664,34.72,64,75,32.21,broken clouds
347,Kem,RU,64.9555,34.5793,14.79,93,100,11.92,overcast clouds
348,Raudeberg,NO,61.9875,5.1352,38.07,93,100,3.0,light rain
349,Dothan,US,31.2232,-85.3905,42.84,77,0,3.0,clear sky
350,Sistranda,NO,63.7256,8.834,34.9,81,100,21.63,snow
351,Illela,NG,13.7292,5.2975,88.61,8,0,13.49,clear sky
352,Winslow,US,35.0242,-110.6974,31.68,35,0,6.76,clear sky
353,Lokosovo,RU,61.1333,74.8167,7.84,96,80,7.67,broken clouds
354,General Roca,AR,-39.0333,-67.5833,73.8,26,35,6.04,scattered clouds
355,Yulara,AU,-25.2406,130.9889,76.84,29,0,8.05,clear sky
356,Bam,IR,29.106,58.357,56.23,27,4,8.32,clear sky
357,Fayaoue,NC,-20.65,166.5333,81.12,83,98,16.67,overcast clouds
358,Tezu,IN,27.9167,96.1667,54.75,95,57,1.81,broken clouds
359,Colesberg,ZA,-30.72,25.0972,80.2,31,99,5.75,overcast clouds
360,Muriwai Beach,NZ,-36.8167,174.45,66.87,97,100,10.89,light rain
361,Karratha,AU,-20.7377,116.8463,84.69,79,16,12.93,few clouds
362,Monteagudo,BO,-19.8167,-63.9833,71.38,68,100,7.16,overcast clouds
363,Pietersburg,ZA,-23.9045,29.4688,77.85,44,20,10.36,few clouds
364,Rehoboth,NA,-23.3167,17.0833,83.8,33,94,13.78,overcast clouds
365,Atar,MR,20.5169,-13.0499,90.9,5,0,6.33,clear sky
366,Sembe,CG,1.6481,14.5806,99.73,12,62,4.45,broken clouds
367,Godda,IN,24.8333,87.2167,61.25,62,3,4.68,clear sky
368,Grindavik,IS,63.8424,-22.4338,30.67,74,40,11.5,scattered clouds
369,Kovdor,RU,67.5662,30.4758,10.13,96,79,5.61,broken clouds
370,Wilmington,US,34.2257,-77.9447,38.86,64,100,13.8,overcast clouds
371,Chapleau,CA,47.8405,-83.4034,15.89,86,100,4.61,overcast clouds
372,Honjo,JP,36.2333,139.1833,33.67,37,47,6.51,scattered clouds
373,Akdepe,TM,42.0551,59.3788,33.89,52,100,13.56,overcast clouds
374,Poitiers,FR,46.5833,0.3333,53.26,54,75,18.41,broken clouds
375,Fort Nelson,CA,58.8053,-122.7002,9.99,92,40,8.05,scattered clouds
376,Fort Frances,CA,48.5999,-93.4003,7.02,78,100,8.05,overcast clouds
377,The Valley,AI,18.217,-63.0578,78.66,83,75,16.11,broken clouds
378,Vardo,NO,70.3705,31.1107,26.15,78,68,22.53,broken clouds
379,Zgierz,PL,51.8556,19.4062,39.18,89,75,18.01,broken clouds
380,Sola,VU,-13.8833,167.55,81.36,83,100,15.59,overcast clouds
381,Severo-Kurilsk,RU,50.6789,156.125,30.96,84,100,11.34,light snow
382,Kampene,CD,-3.6,26.6667,80.24,68,96,2.77,overcast clouds
383,Maldonado,UY,-34.6667,-54.9167,66.22,56,74,17.52,broken clouds
384,Benghazi,LY,32.1167,20.0667,64.13,55,12,9.24,few clouds
385,Jaguarao,BR,-32.5661,-53.3758,71.87,55,72,17.78,broken clouds
386,Sur,OM,22.5667,59.5289,73.02,71,0,12.53,clear sky
387,Praia Da Vitoria,PT,38.7333,-27.0667,63.75,88,75,18.57,broken clouds
388,Lavrentiya,RU,65.5833,-171.0,-13.22,89,5,7.65,clear sky
389,Helena,US,46.5927,-112.0361,32.99,59,75,10.36,broken clouds
390,San Andres,CO,12.5847,-81.7006,82.42,65,20,9.22,few clouds
391,Vao,NC,-22.6667,167.4833,79.52,87,81,4.61,broken clouds
392,Markova,UA,48.6758,24.4138,38.79,67,100,20.76,overcast clouds
393,Parrita,CR,9.5201,-84.3225,84.99,46,0,2.33,clear sky
394,Sao Joao Da Ponte,BR,-15.9292,-44.0078,68.77,93,100,0.47,heavy intensity rain
395,Flinders,AU,-34.5833,150.8552,69.21,77,71,8.99,moderate rain
396,Cayenne,GF,4.9333,-52.3333,83.08,82,100,5.99,overcast clouds
397,La Ronge,CA,55.1001,-105.2842,-10.95,77,0,5.75,clear sky
398,Wladyslawowo,PL,54.7909,18.4009,44.94,90,100,18.97,overcast clouds
399,Aden,YE,12.7794,45.0367,79.07,63,100,6.78,overcast clouds
400,La Candelaria,VE,9.6855,-63.4038,85.14,54,30,8.66,scattered clouds
401,General Bravo,MX,25.8,-99.1667,43.9,53,41,2.17,scattered clouds
402,Okhotsk,RU,59.3833,143.3,-2.61,68,21,14.45,few clouds
403,Matagami,CA,49.7502,-77.6328,5.11,78,100,13.8,light snow
404,Itoman,JP,26.1247,127.6694,59.02,62,100,10.36,overcast clouds
405,Hutchinson,US,38.0608,-97.9298,28.27,86,0,5.75,clear sky
406,Ban Tak,TH,17.0432,99.0813,74.1,74,37,3.51,scattered clouds
407,Nalbari,IN,26.4456,91.4354,60.78,62,0,3.83,clear sky
408,Uribia,CO,11.7139,-72.266,81.63,60,4,12.06,clear sky
409,Shangqiu,CN,34.45,115.65,36.99,32,100,5.55,light rain
410,Khanpur,PK,28.6453,70.6567,66.25,28,0,0.85,clear sky
411,Beloha,MG,-25.1667,45.05,75.31,91,100,24.67,moderate rain
412,Irati,BR,-25.4672,-50.6511,80.65,48,28,5.37,scattered clouds
413,Nalut,LY,30.3333,10.85,71.29,12,98,11.95,overcast clouds
414,San Borja,BO,-14.8167,-66.85,72.16,99,100,6.62,moderate rain
415,Palembang,ID,-2.9167,104.7458,78.89,83,20,8.05,few clouds
416,Svetlaya,RU,46.5389,138.3297,9.07,71,91,8.68,overcast clouds
417,Tautira,PF,-17.7333,-149.15,78.82,75,60,22.84,light rain
418,Orissaare,EE,58.5592,23.0826,37.38,96,100,8.57,overcast clouds
419,Mullingar,IE,53.5333,-7.35,47.93,78,87,21.07,overcast clouds
420,Haines Junction,CA,60.7522,-137.5108,33.75,80,100,13.8,overcast clouds
421,Ammon,US,43.4696,-111.9666,21.7,93,100,5.75,mist
422,Te Anau,NZ,-45.4167,167.7167,40.62,92,1,1.77,clear sky
423,Mangrol,IN,21.1167,70.1167,68.95,65,6,8.52,clear sky
424,Bernburg,DE,51.8,11.7333,46.74,89,100,28.19,overcast clouds
425,Lichinga,MZ,-13.3128,35.2406,73.49,68,40,13.8,scattered clouds
426,Malaga,ES,36.7202,-4.4203,61.99,71,75,7.0,broken clouds
427,Amantea,IT,39.1332,16.0746,60.44,77,84,2.17,broken clouds
428,Dutse,NG,11.7594,9.3392,86.56,12,0,12.15,clear sky
429,Castleblayney,IE,54.1167,-6.7333,43.81,84,75,20.98,broken clouds
430,Ribeira Brava,PT,32.65,-17.0667,68.13,52,10,13.44,clear sky
431,Greenlaw,GB,55.7068,-2.4624,39.4,79,100,5.01,overcast clouds
432,Khorixas,NA,-20.3667,14.9667,81.09,45,93,5.57,light rain
433,Santa Lucia,ES,27.9117,-15.5407,63.72,64,20,23.02,few clouds
434,Mocajuba,BR,-2.5842,-49.5072,82.02,82,100,2.98,overcast clouds
435,Wajima,JP,37.4,136.9,33.73,70,96,19.6,light snow
436,Saint-Georges,GD,12.0564,-61.7485,80.28,74,40,18.41,scattered clouds
437,Caernarfon,GB,53.1413,-4.2702,48.0,66,75,27.63,broken clouds
438,Segovia,ES,41.1667,-4.0,53.82,42,93,5.91,overcast clouds
439,Kobelyaky,UA,49.1489,34.1965,32.58,88,100,8.39,overcast clouds
440,Pinillos,CO,8.9193,-74.4677,84.13,60,7,4.0,clear sky
441,Sanson,NZ,-40.2167,175.4167,61.56,86,100,15.52,overcast clouds
442,Sar-E Pul,AF,35.8333,66.1667,27.82,92,98,3.2,overcast clouds
443,Hornepayne,CA,49.2138,-84.7705,14.86,94,100,4.47,light snow
444,Salina,US,38.8403,-97.6114,25.18,86,0,8.05,clear sky
445,Cap Malheureux,MU,-19.9842,57.6142,82.89,77,88,7.0,overcast clouds
446,Sargatskoye,RU,55.6101,73.4972,8.38,88,100,7.16,overcast clouds
447,Kenai,US,60.5544,-151.2583,19.15,95,40,0.0,mist
448,Faya,SA,18.3851,42.4509,60.91,61,5,7.23,clear sky
449,Babu,CN,24.4167,111.5167,51.4,92,100,1.32,light rain
450,Shenzhen,CN,22.5455,114.0683,62.55,91,100,7.94,overcast clouds
451,Orange Cove,US,36.6244,-119.3137,40.5,45,0,2.44,clear sky
452,Dembi Dolo,ET,8.5333,34.8,75.04,27,93,7.81,overcast clouds
453,Hauterive,FR,46.0901,3.4459,48.76,73,100,13.31,overcast clouds
454,Hinton,CA,53.4001,-117.5857,35.64,70,100,10.89,overcast clouds
455,Hay River,CA,60.8156,-115.7999,1.38,78,100,9.22,overcast clouds
456,Komsomolskiy,UZ,40.4272,71.7189,36.82,88,100,5.64,moderate rain
457,Khorramshahr,IR,30.4397,48.1664,66.16,34,0,13.8,clear sky
458,Westport,US,41.1415,-73.3579,23.92,58,0,1.01,clear sky
459,Padang,ID,-0.9492,100.3543,77.05,73,100,0.83,overcast clouds
460,Rudnya,RU,54.947,31.0934,33.93,85,100,11.23,overcast clouds
461,Roma,US,43.2128,-75.4557,16.95,72,0,6.91,clear sky
462,Igunga,TZ,-4.2833,33.8833,80.94,53,100,5.39,overcast clouds
463,Lake Cowichan,CA,48.825,-124.0546,40.78,97,97,2.06,overcast clouds
464,Barda,AZ,40.3744,47.1267,45.68,32,11,4.05,few clouds
465,Sao Felix Do Xingu,BR,-6.6447,-51.995,87.35,61,97,1.81,overcast clouds
466,Masterton,NZ,-40.9597,175.6575,60.89,98,100,5.37,overcast clouds
467,Gillette,US,44.2911,-105.5022,29.95,84,100,10.0,overcast clouds
468,Taywarah,AF,33.35,64.4167,12.36,74,0,2.37,clear sky
469,Ila,NO,63.4305,10.3705,37.4,59,100,3.0,light snow
470,Nicoya,CR,10.1483,-85.452,80.15,49,6,9.15,clear sky
471,Thunder Bay,CA,48.4001,-89.3168,12.56,77,100,8.05,overcast clouds
472,Ler,SS,8.3018,30.1418,90.75,10,56,9.22,broken clouds
473,Baruun-Urt,MN,46.6806,113.2792,0.41,89,12,6.67,few clouds
474,Tiruchchendur,IN,8.4833,78.1167,79.86,74,49,14.41,scattered clouds
475,Kurkino,RU,53.4257,38.6582,26.49,94,90,8.68,snow
476,Rafaela,AR,-31.2503,-61.4867,75.0,30,0,5.99,clear sky
477,Port Keats,AU,-14.25,129.55,78.66,84,87,1.7,overcast clouds
478,Hami,CN,42.8,93.45,28.8,28,90,15.21,overcast clouds
479,Praia,CV,14.9215,-23.5087,81.14,39,20,24.16,few clouds
480,Saint-Paul,RE,-21.0096,55.2707,82.51,73,100,9.04,overcast clouds
481,Boulder,US,40.0833,-105.3505,23.34,78,0,1.01,clear sky
482,Alamosa,US,37.4695,-105.87,9.91,85,100,5.75,overcast clouds
483,Edd,ER,13.9297,41.6925,76.03,70,91,15.14,overcast clouds
484,Kasongo,CD,-4.45,26.6667,79.25,79,91,2.42,light rain
485,Verkhnyaya Inta,RU,65.9811,60.3094,0.52,84,79,7.31,broken clouds
486,San Patricio,US,28.017,-97.5169,46.87,77,0,4.79,clear sky
487,Hambantota,LK,6.1241,81.1185,80.94,89,40,0.0,scattered clouds
488,Kirillov,RU,59.863,38.3813,15.73,94,99,7.49,overcast clouds
489,Cabugao,PH,17.7931,120.4578,73.22,78,28,5.53,scattered clouds
490,Bacia,RO,45.8,23.0167,37.9,71,100,1.86,overcast clouds
491,Rangapara,IN,26.8167,92.65,56.17,75,1,4.12,clear sky
492,Aitape,PG,-3.1374,142.3475,79.43,86,100,6.67,overcast clouds
493,Bathsheba,BB,13.2167,-59.5167,83.01,65,75,19.57,broken clouds
494,Moose Factory,CA,51.2585,-80.6094,-2.2,78,100,4.61,overcast clouds
495,Jardim,BR,-21.4803,-56.1381,78.53,74,100,7.78,overcast clouds
496,Urengoy,RU,65.9667,78.3667,-22.83,100,45,5.3,scattered clouds
497,Karaton,ID,-6.3424,106.1045,80.76,93,91,4.07,overcast clouds
498,Dalvik,IS,65.9702,-18.5286,26.53,91,99,7.72,light snow
499,Nuuk,GL,64.1835,-51.7216,7.41,78,75,20.71,broken clouds
500,Mackenzie,CA,55.2999,-123.1698,39.42,48,0,21.85,clear sky
501,Arcachon,FR,44.5875,-1.0519,53.92,71,100,8.05,overcast clouds
502,Kodinsk,RU,58.6881,99.1844,7.79,99,100,2.15,overcast clouds
503,Kaeo,NZ,-35.1,173.7833,74.32,98,100,5.06,overcast clouds
504,Mhango,TZ,-3.2833,32.85,77.16,61,92,5.53,overcast clouds
505,Fallon,US,39.4735,-118.7774,35.33,46,2,2.35,clear sky
506,Katsuura,JP,35.1333,140.3,35.71,43,4,14.25,clear sky
507,Olovyannaya,RU,50.95,115.5667,-4.9,100,98,3.76,overcast clouds
508,Bunia,CD,1.5667,30.25,85.1,21,98,6.26,overcast clouds
509,Lazaro Cardenas,MX,17.9583,-102.2,76.1,53,4,3.22,clear sky
510,Tres Lagoas,BR,-20.7511,-51.6783,83.66,69,43,5.26,scattered clouds
511,Weatherford,US,32.7593,-97.7972,34.39,68,0,9.42,clear sky
512,Oranjemund,NA,-28.55,16.4333,72.82,60,71,15.77,broken clouds
513,San Quintin,MX,30.4833,-115.95,53.4,44,1,1.72,clear sky
514,Hongjiang,CN,27.11,109.9956,39.13,96,100,4.43,light rain
515,Sosnovo-Ozerskoye,RU,52.5249,111.5418,7.79,95,100,8.88,overcast clouds
516,Upata,VE,8.0086,-62.3989,82.54,60,55,6.51,broken clouds
517,Burnie,AU,-41.0667,145.9167,59.94,83,42,10.78,scattered clouds
518,Mount Pleasant,US,32.7941,-79.8626,42.08,62,100,3.0,overcast clouds
519,Agadez,NE,19.75,10.25,75.47,7,0,10.31,clear sky
520,Lorengau,PG,-2.0226,147.2712,81.72,79,100,6.24,overcast clouds
521,Nizwa,OM,22.9333,57.5333,73.87,38,1,7.34,clear sky
522,Shelburne,CA,44.0787,-80.2041,19.56,84,87,18.92,overcast clouds
523,Mulege,MX,26.8833,-111.9833,56.7,55,0,2.48,clear sky
524,Cardinal,CA,44.7834,-75.3826,12.76,56,0,0.0,clear sky
525,Booue,GA,-0.0921,11.9385,91.13,42,93,2.19,overcast clouds
526,Meulaboh,ID,4.1363,96.1285,78.69,85,88,6.73,overcast clouds
527,Yar-Sale,RU,66.8333,70.8333,-15.74,100,63,5.66,broken clouds
528,Lubao,PH,14.9167,120.55,81.14,79,27,13.35,scattered clouds
529,Iquitos,PE,-3.7481,-73.2472,82.44,78,75,2.3,broken clouds
530,Dharapuram,IN,10.7333,77.5167,82.24,60,66,10.04,broken clouds
531,Maarianhamina,AX,60.0973,19.9348,35.46,80,0,9.22,clear sky
532,Namatanai,PG,-3.6667,152.4333,80.11,81,90,4.25,overcast clouds
533,Paamiut,GL,61.994,-49.6678,4.57,75,100,7.11,overcast clouds
534,Khani,GE,41.9563,42.9566,26.17,99,100,0.58,snow
535,Kununurra,AU,-15.7667,128.7333,73.38,100,75,5.75,light rain
536,Vila Franca Do Campo,PT,37.7167,-25.4333,67.19,84,83,14.92,broken clouds
537,Mumford,GH,5.2618,-0.759,84.38,64,87,12.75,overcast clouds
538,Madang,PG,-5.2246,145.7966,76.69,92,100,6.26,light rain
539,Assiniboia,CA,49.6334,-105.9845,22.82,86,36,5.75,scattered clouds
540,Verkhnevilyuysk,RU,63.4453,120.3167,-6.93,99,100,4.79,overcast clouds
541,Flin Flon,CA,54.7682,-101.865,-22.16,76,20,2.3,few clouds
542,Winchester,GB,51.0651,-1.3187,53.51,81,40,11.99,light rain
543,Hamilton,US,39.1834,-84.5333,24.94,87,0,1.01,clear sky
544,Sungaipenuh,ID,-2.0833,101.3833,62.87,84,99,1.25,overcast clouds
545,Namibe,AO,-15.1961,12.1522,78.55,59,92,15.97,overcast clouds
546,Vicosa,BR,-20.7539,-42.8819,78.19,87,100,8.05,light rain
547,Gizo,SB,-8.103,156.8419,83.12,78,94,13.91,overcast clouds
548,Mulbagal,IN,13.1667,78.4,66.09,87,99,8.19,overcast clouds
549,Dubai,AE,25.2582,55.3047,73.22,46,0,17.27,clear sky
550,Orcopampa,PE,-15.2661,-72.3417,54.64,53,59,0.34,broken clouds
551,Tulun,RU,54.5611,100.5792,12.49,95,100,1.95,overcast clouds
552,Iaciara,BR,-14.0958,-46.6317,72.99,88,100,2.01,moderate rain
553,Begoro,GH,6.3871,-0.3774,91.56,30,37,5.3,scattered clouds
554,Fresnillo,MX,23.1667,-102.8833,49.84,61,69,7.54,broken clouds
555,Ranong,TH,9.9658,98.6348,76.21,88,25,4.38,scattered clouds
556,Gornoye Loo,RU,43.7129,39.6049,37.18,93,99,4.5,light rain
557,Broken Hill,AU,-31.95,141.4333,74.91,33,75,11.5,broken clouds
558,Huadian,CN,42.9633,126.7478,-3.91,95,12,2.98,few clouds
559,Villaviciosa,ES,43.4813,-5.4357,57.99,54,95,4.9,overcast clouds
560,Berlevag,NO,70.8578,29.0864,24.8,85,75,23.96,broken clouds
561,Jiuquan,CN,39.7432,98.5174,14.47,93,95,8.93,overcast clouds
562,Santa Cruz De Tenerife,ES,28.4682,-16.2546,77.81,76,20,5.01,few clouds
563,Gat,IL,31.61,34.7642,59.68,100,61,7.4,broken clouds
564,Ascension,US,30.2169,-90.9001,41.0,76,0,0.0,clear sky
565,Carutapera,BR,-1.195,-46.02,81.14,87,99,7.83,overcast clouds
566,Maceio,BR,-9.6658,-35.7353,89.04,55,40,9.22,scattered clouds
567,Korla,CN,41.7597,86.1469,25.75,43,10,5.08,clear sky
568,Chifeng,CN,42.2683,118.9636,11.14,75,0,5.19,clear sky
569,Linares,CL,-35.85,-71.6,84.79,21,0,5.41,clear sky
570,Joshimath,IN,30.5667,79.5667,43.3,67,85,4.0,overcast clouds
571,Naze,JP,28.3667,129.4833,51.75,67,100,11.3,overcast clouds
572,Porto Seguro,BR,-16.4497,-39.0647,82.92,74,75,6.91,broken clouds
573,Fare,PF,-16.7,-151.0167,81.01,74,95,21.52,light rain
574,Rio De Janeiro,BR,-22.9028,-43.2075,93.42,61,0,8.05,clear sky
575,Yenangyaung,MM,20.4667,94.8833,68.5,28,98,6.55,overcast clouds
576,Kaseda,JP,31.4167,130.3167,34.84,65,82,9.91,broken clouds
577,Yongan,CN,39.6957,113.6871,20.1,27,100,2.44,overcast clouds
578,Ajdabiya,LY,30.7554,20.2263,65.14,36,69,6.87,broken clouds
579,San Dionisio Del Mar,MX,16.3333,-94.75,67.12,70,6,27.47,clear sky
580,Andra,RU,62.5147,65.8878,1.96,95,13,5.66,few clouds
581,Coxim,BR,-18.5067,-54.76,83.82,70,100,3.8,overcast clouds
582,Finschhafen,PG,-6.6024,147.8681,80.53,85,48,10.22,scattered clouds
583,Oudtshoorn,ZA,-33.5907,22.2014,84.56,27,29,22.57,scattered clouds
584,Sechura,PE,-5.5569,-80.8222,77.14,64,94,10.16,overcast clouds
585,Mezen,RU,65.8522,44.24,14.38,93,100,11.1,overcast clouds
586,Coahuayana,MX,18.7333,-103.6833,76.48,43,5,3.0,clear sky
587,Zhenhai,CN,24.2582,118.0905,53.08,77,100,17.76,overcast clouds
588,Rusape,ZW,-18.5278,32.1284,71.55,58,6,8.37,clear sky
589,Omsukchan,RU,62.5333,155.8,-16.82,64,0,2.62,clear sky
590,Shimoda,JP,34.6667,138.95,35.1,69,77,7.83,broken clouds
591,Altamont,US,42.2068,-121.7372,31.78,67,0,0.0,clear sky
592,Concepcion,CL,-36.827,-73.0498,71.4,56,0,9.22,clear sky
593,Sabang,ID,5.8933,95.3214,81.1,78,100,13.58,moderate rain
594,Noumea,NC,-22.2763,166.4572,76.98,90,100,3.65,overcast clouds
595,Clarence Town,AU,-32.5833,151.7833,70.86,87,97,4.56,overcast clouds
596,Lata,PT,40.1629,-8.3327,66.34,26,54,5.35,broken clouds
597,Tabas,IR,33.5959,56.9244,52.83,33,29,8.59,scattered clouds
598,Casablanca,MA,33.5928,-7.6192,68.22,72,0,8.99,clear sky
599,Hervey Bay,AU,-25.2986,152.8535,69.91,69,51,17.2,broken clouds
600,Gunnedah,AU,-30.9833,150.25,58.62,78,0,6.51,clear sky
601,Muzhi,RU,65.3667,64.6667,-18.58,100,75,0.6,broken clouds
602,Tevriz,RU,57.509,72.4042,7.14,97,100,3.33,overcast clouds
603,Grand Gaube,MU,-20.0064,57.6608,82.8,77,87,5.99,overcast clouds
604,Saint-Joseph,RE,-21.3667,55.6167,80.98,76,100,12.19,overcast clouds
605,Saint-Francois,FR,46.4154,3.9054,48.42,68,100,14.97,overcast clouds
606,Todos Santos,MX,23.45,-110.2167,64.0,71,9,4.07,clear sky
607,Takoradi,GH,4.8845,-1.7554,84.45,64,77,11.74,broken clouds
608,Wharton,US,29.3116,-96.1027,40.68,92,0,0.0,clear sky
609,Garowe,SO,8.4054,48.4845,84.94,21,100,7.02,overcast clouds
610,Prado,BR,-17.3411,-39.2208,83.97,65,0,10.87,clear sky
611,Tucuma,BR,-0.1833,-50.05,75.18,95,99,3.67,overcast clouds
612,Teguise,ES,29.0605,-13.564,66.42,68,0,24.16,clear sky
613,Ignacio Zaragoza,MX,28.3833,-107.2167,36.82,54,0,1.88,clear sky
614,Fairbanks,US,64.8378,-147.7164,3.09,80,100,5.75,light snow
615,Cozumel,MX,20.5083,-86.9458,74.95,86,75,11.01,broken clouds
616,Kralendijk,BQ,12.15,-68.2667,82.38,69,0,14.97,clear sky
617,Mutenice,CZ,48.9041,17.0292,48.15,57,100,14.88,light rain
618,Magadan,RU,59.5667,150.8,3.2,62,27,10.74,scattered clouds
619,Husavik,IS,66.0449,-17.3389,26.51,86,100,16.42,light snow
620,Isangel,VU,-19.55,169.2667,79.2,90,100,14.09,overcast clouds
621,White Rock,CA,49.0164,-122.8026,41.16,98,56,1.14,broken clouds
622,Male,MV,4.1748,73.5089,84.15,70,75,11.5,broken clouds
623,Camacha,PT,33.0833,-16.3333,62.53,67,75,21.85,broken clouds
624,Antofagasta,CL,-23.65,-70.4,73.22,59,0,6.33,clear sky
625,Vegreville,CA,53.5001,-112.0518,36.3,69,100,10.36,overcast clouds
626,Clovis,US,36.8252,-119.7029,55.02,87,40,3.44,scattered clouds
627,Shimanovsk,RU,52.0,127.7,-6.14,96,100,2.06,overcast clouds
628,Morehead,US,37.2711,-87.1764,29.98,85,0,0.0,clear sky
629,Ugoofaaru,MV,5.6667,73.0,81.64,64,96,11.48,overcast clouds
630,Arkadak,RU,51.9326,43.4978,18.43,96,100,6.67,light snow
631,Manokwari,ID,-0.8667,134.0833,77.99,80,100,4.68,overcast clouds
632,Trud,BG,42.2333,24.7333,57.42,28,0,11.5,clear sky
633,Necochea,AR,-38.5473,-58.7368,64.04,83,91,19.84,overcast clouds
634,Prince Rupert,CA,54.3161,-130.3201,46.49,71,100,19.57,overcast clouds
635,Chernyshevskiy,RU,63.0128,112.4714,-3.59,99,100,3.04,overcast clouds
636,Strezhevoy,RU,60.7333,77.5889,13.98,94,98,8.88,overcast clouds
637,Inverness,GB,57.4791,-4.224,39.11,77,40,7.0,scattered clouds
638,Cacu,BR,-18.5567,-51.1308,85.87,61,89,2.28,overcast clouds
639,Waipawa,NZ,-41.4122,175.5153,57.83,80,100,11.27,overcast clouds
640,Shymkent,KZ,42.3,69.6,34.39,100,100,24.61,overcast clouds
641,Ketchikan,US,55.3422,-131.6461,45.07,93,100,17.27,moderate rain
642,Agadir,MA,30.4202,-9.5982,84.65,39,29,9.78,scattered clouds
643,Victor Harbor,AU,-35.5667,138.6167,80.69,54,33,8.95,scattered clouds
644,Solikamsk,RU,59.6196,56.7729,18.52,83,100,8.55,overcast clouds
645,Horta,PT,38.5333,-28.6333,64.04,68,20,14.97,few clouds
646,Maracaju,BR,-21.6144,-55.1683,79.57,70,98,11.52,overcast clouds
647,Gusinoye Ozero,RU,51.1144,106.2614,1.74,96,69,2.93,broken clouds
648,Plattsburgh,US,44.6995,-73.4529,9.37,66,20,3.0,few clouds
649,Podgornoye,RU,51.735,39.1496,30.42,100,94,6.71,overcast clouds
650,Izumo,JP,35.3667,132.7667,39.15,65,92,7.18,overcast clouds
651,Nyurba,RU,63.2842,118.3319,-3.82,99,100,4.92,overcast clouds
652,Port Macquarie,AU,-31.4333,152.9167,62.56,76,89,13.22,overcast clouds
653,Bilibino,RU,68.0546,166.4372,-17.95,78,15,4.5,few clouds
654,Waddan,LY,29.1614,16.139,73.15,12,79,2.66,broken clouds
655,Lucea,JM,18.451,-78.1736,76.86,67,40,11.88,scattered clouds
656,Vila Velha,BR,-20.3297,-40.2925,87.75,66,40,11.99,scattered clouds
657,Bereda,ES,43.2686,-7.5406,55.99,65,66,2.82,broken clouds
658,Dubbo,AU,-32.25,148.6167,60.93,72,9,10.36,clear sky
659,Chingola,ZM,-12.529,27.8838,64.62,95,100,2.66,light rain
660,Ambulu,ID,-8.345,113.6058,77.05,90,100,2.86,overcast clouds
661,Touros,BR,-5.1989,-35.4608,88.7,52,22,12.26,few clouds
662,Presidente Epitacio,BR,-21.7633,-52.1156,80.49,68,61,7.58,light rain
663,Liuhe,CN,42.2401,125.7172,2.88,88,9,5.77,clear sky
664,Pangnirtung,CA,66.1451,-65.7125,-33.9,90,96,3.96,overcast clouds
665,Gandajika,CD,-6.75,23.95,75.02,88,86,4.5,moderate rain
666,Emerald,AU,-23.5333,148.1667,75.34,69,40,8.05,scattered clouds
667,Gouyave,GD,12.1646,-61.7296,79.57,74,40,18.41,scattered clouds
668,Port-Gentil,GA,-0.7193,8.7815,87.76,66,20,10.36,few clouds
669,Pertuis,FR,43.6925,5.5028,57.45,44,69,10.22,broken clouds
670,Imst,AT,47.2684,10.6698,28.18,83,100,5.53,light snow
671,Jumla,NP,29.2747,82.1838,33.94,72,3,5.7,clear sky
672,Itarema,BR,-2.9248,-39.9167,87.08,59,29,13.33,scattered clouds
673,Calabozo,VE,8.9242,-67.4293,86.81,46,62,10.09,broken clouds
674,Wagga Wagga,AU,-35.1167,147.3667,68.79,51,0,10.36,clear sky
675,Pryozerne,UA,45.2698,36.3303,37.06,72,7,11.68,clear sky
676,Brae,GB,60.3964,-1.353,37.31,87,100,26.06,overcast clouds
677,Dongsheng,CN,39.8161,109.9776,17.46,36,100,3.65,overcast clouds
678,Lasa,IT,46.6166,10.7002,43.54,76,91,3.67,overcast clouds
679,Zhizdra,RU,53.746,34.7395,32.14,91,98,8.57,snow
680,Linhai,CN,28.85,121.1167,43.93,61,100,1.54,light rain
681,Tucumcari,US,35.1717,-103.725,30.94,68,0,6.91,clear sky
682,San Fernando,PH,15.0286,120.6898,80.15,77,32,10.18,scattered clouds
683,Acarau,BR,-2.8856,-40.12,86.41,61,39,14.12,scattered clouds
684,Sanming,CN,26.2486,117.6186,51.58,94,100,2.77,light rain
685,Santarem,BR,-2.4431,-54.7083,77.13,100,100,8.05,heavy intensity rain
686,Lerwick,GB,60.1545,-1.1494,37.4,76,100,28.03,overcast clouds
687,Paso De Los Toros,UY,-32.8167,-56.5167,68.34,44,39,15.82,scattered clouds
